Workbook

Sheet Sheet1
A1: K00844 | B1: =VLOOKUP(A1,[1]KEGG库筛选!A:C,2,FALSE) -> A0A2H0ZFZ6 | C1: HK
A2: K01810 | B2: =VLOOKUP(A2,[1]KEGG库筛选!A:C,2,FALSE) -> A0A2H1A619 | C2: GPI
A3: K00850 | B3: =VLOOKUP(A3,[1]KEGG库筛选!A:C,2,FALSE) -> A0A2H0ZD57 | C3: pfkA
A4: K01624 | B4: =VLOOKUP(A4,[1]KEGG库筛选!A:C,2,FALSE) -> A0A2H0ZD48 | C4: FBA
A5: K01803 | B5: =VLOOKUP(A5,[1]KEGG库筛选!A:C,2,FALSE) -> A0A2H0ZYR6 | C5: TPI
A6: K00134 | B6: =VLOOKUP(A6,[1]KEGG库筛选!A:C,2,FALSE) -> A0A2H0ZM53 | C6: GAPDH
A7: K00927 | B7: =VLOOKUP(A7,[1]KEGG库筛选!A:C,2,FALSE) -> A0A2H0ZYR1 | C7: PGK
A8: K01834 | B8: =VLOOKUP(A8,[1]KEGG库筛选!A:C,2,FALSE) -> A0A2H0ZIT1 | C8: PGAM
A9: K15634 | B9: =VLOOKUP(A9,[1]KEGG库筛选!A:C,2,FALSE) -> A0A2H0ZXN9 | C9: gpmB
A10: K01689 | B10: =VLOOKUP(A10,[1]KEGG库筛选!A:C,2,FALSE) -> A0A2H1A7F9 | C10: ENO
A11: K00873 | B11: =VLOOKUP(A11,[1]KEGG库筛选!A:C,2,FALSE) -> A0A2H0ZN15 | C11: PK
A12: K01958 | B12: =VLOOKUP(A12,[2]KEGG库!A:B,2,FALSE) -> A0A2H0ZD01 | C12: PC
A13: K01647 | B13: =VLOOKUP(A13,[2]KEGG库!A:B,2,FALSE) -> A0A2H0ZQV0 | C13: CS
A14: K01681 | B14: =VLOOKUP(A14,[2]KEGG库!A:B,2,FALSE) -> A0A2H0ZC49 | C14: ACO
A15: K00031 | B15: =VLOOKUP(A15,[2]KEGG库!A:B,2,FALSE) -> A0A2H0ZLU3 | C15: IDH1
A16: K00030 | B16: =VLOOKUP(A16,[2]KEGG库!A:B,2,FALSE) -> A0A2H0ZID9 | C16: IDH3
A17: K00164 | B17: =VLOOKUP(A17,[2]KEGG库!A:B,2,FALSE) -> A0A2H0ZV89 | C17: OGDH
A18: K00658 | B18: =VLOOKUP(A18,[2]KEGG库!A:B,2,FALSE) -> A0A2H1A809 | C18: DLST
A19: K00382 | B19: =VLOOKUP(A19,[2]KEGG库!A:B,2,FALSE) -> A0A2H1A6F6 | C19: DLD
A20: K01899 | B20: =VLOOKUP(A20,[2]KEGG库!A:B,2,FALSE) -> A0A2H1A5I7 | C20: LSC1
A21: K01900 | B21: =VLOOKUP(A21,[2]KEGG库!A:B,2,FALSE) -> A0A2H0ZEH3 | C21: LSC2
A22: K00234 | B22: =VLOOKUP(A22,[2]KEGG库!A:B,2,FALSE) -> A0A2H1A534 | C22: SDHA
A23: K00235 | B23: =VLOOKUP(A23,[2]KEGG库!A:B,2,FALSE) -> A0A2H0ZKD2 | C23: SDHB
... A27: K00026 | B27: =VLOOKUP(A27,[2]KEGG库!A:B,2,FALSE) -> A0A2H0ZT83 | C27: MDH2
